method,mask,step,latent_ivar
nominal_optimum,none,0,0.7366817303447337
nominal_optimum,none,1,0.4226466308213274
nominal_optimum,none,2,0.2908806362471026
nominal_optimum,none,3,0.16105592277815012
nominal_optimum,none,4,0.12017136789112937
nominal_optimum,step1_robot0,0,0.7366817303447337
nominal_optimum,step1_robot0,1,0.6038591866405999
nominal_optimum,step1_robot0,2,0.3111083883131567
nominal_optimum,step1_robot0,3,0.1720712685942504
nominal_optimum,step1_robot0,4,0.1311128159171019
nominal_optimum,step1_robot1,0,0.7366817303447337
nominal_optimum,step1_robot1,1,0.5541593541108876
nominal_optimum,step1_robot1,2,0.3250237571724442
nominal_optimum,step1_robot1,3,0.1912414388572605
nominal_optimum,step1_robot1,4,0.15010564470612175
nominal_optimum,step2_robot0,0,0.7366817303447337
nominal_optimum,step2_robot0,1,0.4226466308213274
nominal_optimum,step2_robot0,2,0.3111083883131567
nominal_optimum,step2_robot0,3,0.1720712685942504
nominal_optimum,step2_robot0,4,0.1311128159171019
nominal_optimum,step2_robot1,0,0.7366817303447337
nominal_optimum,step2_robot1,1,0.4226466308213274
nominal_optimum,step2_robot1,2,0.4024180573507034
nominal_optimum,step2_robot1,3,0.1911967966763092
nominal_optimum,step2_robot1,4,0.14405932259332052
nominal_optimum,step3_robot0,0,0.7366817303447337
nominal_optimum,step3_robot0,1,0.4226466308213274
nominal_optimum,step3_robot0,2,0.2908806362471026
nominal_optimum,step3_robot0,3,0.23309398652963845
nominal_optimum,step3_robot0,4,0.14405932259332052
nominal_optimum,step3_robot1,0,0.7366817303447337
nominal_optimum,step3_robot1,1,0.4226466308213274
nominal_optimum,step3_robot1,2,0.2908806362471026
nominal_optimum,step3_robot1,3,0.21875700970503895
nominal_optimum,step3_robot1,4,0.13111281591710186
nominal_optimum,step4_robot0,0,0.7366817303447337
nominal_optimum,step4_robot0,1,0.4226466308213274
nominal_optimum,step4_robot0,2,0.2908806362471026
nominal_optimum,step4_robot0,3,0.16105592277815012
nominal_optimum,step4_robot0,4,0.15010564470612175
nominal_optimum,step4_robot1,0,0.7366817303447337
nominal_optimum,step4_robot1,1,0.4226466308213274
nominal_optimum,step4_robot1,2,0.2908806362471026
nominal_optimum,step4_robot1,3,0.16105592277815012
nominal_optimum,step4_robot1,4,0.13111281591710186
greedy,none,0,0.7366817303447337
greedy,none,1,0.32071944324403395
greedy,none,2,0.2022725268447276
greedy,none,3,0.16877828569701422
greedy,none,4,0.12363891623256582
greedy,step1_robot0,0,0.7366817303447337
greedy,step1_robot0,1,0.5275174578619717
greedy,step1_robot0,2,0.28585253484220197
greedy,step1_robot0,3,0.1854972999475175
greedy,step1_robot0,4,0.13284673924644036
greedy,step1_robot1,0,0.7366817303447337
greedy,step1_robot1,1,0.5275174578619716
greedy,step1_robot1,2,0.28585253484220197
greedy,step1_robot1,3,0.1854972999475175
greedy,step1_robot1,4,0.13284673924644028
greedy,step2_robot0,0,0.7366817303447337
greedy,step2_robot0,1,0.32071944324403395
greedy,step2_robot0,2,0.26148035254816243
greedy,step2_robot0,3,0.22000240665923942
greedy,step2_robot0,4,0.1693076481595
greedy,step2_robot1,0,0.7366817303447337
greedy,step2_robot1,1,0.32071944324403395
greedy,step2_robot1,2,0.26148035254816243
greedy,step2_robot1,3,0.2200024066592394
greedy,step2_robot1,4,0.16930764815949997
greedy,step3_robot0,0,0.7366817303447337
greedy,step3_robot0,1,0.32071944324403395
greedy,step3_robot0,2,0.2022725268447276
greedy,step3_robot0,3,0.1854972999475175
greedy,step3_robot0,4,0.13284673924644036
greedy,step3_robot1,0,0.7366817303447337
greedy,step3_robot1,1,0.32071944324403395
greedy,step3_robot1,2,0.2022725268447276
greedy,step3_robot1,3,0.1854972999475175
greedy,step3_robot1,4,0.13284673924644028
greedy,step4_robot0,0,0.7366817303447337
greedy,step4_robot0,1,0.32071944324403395
greedy,step4_robot0,2,0.2022725268447276
greedy,step4_robot0,3,0.16877828569701422
greedy,step4_robot0,4,0.1462593021013284
greedy,step4_robot1,0,0.7366817303447337
greedy,step4_robot1,1,0.32071944324403395
greedy,step4_robot1,2,0.2022725268447276
greedy,step4_robot1,3,0.16877828569701422
greedy,step4_robot1,4,0.1462593021013283
robust_optimum,none,0,0.7366817303447337
robust_optimum,none,1,0.4226466308213274
robust_optimum,none,2,0.2908806362471026
robust_optimum,none,3,0.16105592277815012
robust_optimum,none,4,0.12017136789112937
robust_optimum,step1_robot0,0,0.7366817303447337
robust_optimum,step1_robot0,1,0.6038591866405999
robust_optimum,step1_robot0,2,0.3111083883131567
robust_optimum,step1_robot0,3,0.1720712685942504
robust_optimum,step1_robot0,4,0.1311128159171019
robust_optimum,step1_robot1,0,0.7366817303447337
robust_optimum,step1_robot1,1,0.5541593541108876
robust_optimum,step1_robot1,2,0.3250237571724442
robust_optimum,step1_robot1,3,0.1912414388572605
robust_optimum,step1_robot1,4,0.15010564470612175
robust_optimum,step2_robot0,0,0.7366817303447337
robust_optimum,step2_robot0,1,0.4226466308213274
robust_optimum,step2_robot0,2,0.3111083883131567
robust_optimum,step2_robot0,3,0.1720712685942504
robust_optimum,step2_robot0,4,0.1311128159171019
robust_optimum,step2_robot1,0,0.7366817303447337
robust_optimum,step2_robot1,1,0.4226466308213274
robust_optimum,step2_robot1,2,0.4024180573507034
robust_optimum,step2_robot1,3,0.1911967966763092
robust_optimum,step2_robot1,4,0.14405932259332052
robust_optimum,step3_robot0,0,0.7366817303447337
robust_optimum,step3_robot0,1,0.4226466308213274
robust_optimum,step3_robot0,2,0.2908806362471026
robust_optimum,step3_robot0,3,0.23309398652963845
robust_optimum,step3_robot0,4,0.14405932259332052
robust_optimum,step3_robot1,0,0.7366817303447337
robust_optimum,step3_robot1,1,0.4226466308213274
robust_optimum,step3_robot1,2,0.2908806362471026
robust_optimum,step3_robot1,3,0.21875700970503895
robust_optimum,step3_robot1,4,0.13111281591710186
robust_optimum,step4_robot0,0,0.7366817303447337
robust_optimum,step4_robot0,1,0.4226466308213274
robust_optimum,step4_robot0,2,0.2908806362471026
robust_optimum,step4_robot0,3,0.16105592277815012
robust_optimum,step4_robot0,4,0.15010564470612175
robust_optimum,step4_robot1,0,0.7366817303447337
robust_optimum,step4_robot1,1,0.4226466308213274
robust_optimum,step4_robot1,2,0.2908806362471026
robust_optimum,step4_robot1,3,0.16105592277815012
robust_optimum,step4_robot1,4,0.13111281591710186
